{"appId":"BDC201801_0302A",
  "trCode":"playlist",
  "trVersion":"v1",
  "resCode":0,
  "resMessage":"",
  "terminalId":"301f9a68f77f",
  "timestamp":1611822153173,"uniqueId":"96a0af09d74a5f66","flowNum":1,"data":{"items":[{"id":"514593467502624768","name":"手机银行操作图竖版1.jpg","playDate":"20210128 10:16","stopDate":"20210129 00:00","downloadTimeslice":"1,2,3,4,5,6,7-07:00-780","contentType":"NV*","md5":"94a8311b975aee215657eac3d4216144","lastModified":"20210128 10:24:07","downloadLink":"http://omip.abc/ibcs/file/downloadBig/attach/20210128/94a8311b975aee215657eac3d4216144.jpg","isUrg":"0","onClickLink":null,"QRCode":[]},{"id":"514593525253996544","name":"手机银行操作图竖版2.jpg","playDate":"20210128 10:16","stopDate":"20210129 00:00","downloadTimeslice":"1,2,3,4,5,6,7-07:00-780","contentType":"NV*","md5":"51576c5afa0671e0c2ff35ee2a3ff51b","lastModified":"20210128 10:24:07","downloadLink":"http://omip.abc/ibcs/file/downloadBig/attach/20210128/51576c5afa0671e0c2ff35ee2a3ff51b.jpg","isUrg":"0","onClickLink":null,"QRCode":[]},{"id":"514593573303943168","name":"手机银行操作图竖版3.jpg","playDate":"20210128 10:16","stopDate":"20210129 00:00","downloadTimeslice":"1,2,3,4,5,6,7-07:00-780","contentType":"NV*","md5":"ce67fe14894ca3690bfbdedc13568dfe","lastModified":"20210128 10:24:07","downloadLink":"http://omip.abc/ibcs/file/downloadBig/attach/20210128/ce67fe14894ca3690bfbdedc13568dfe.jpg","isUrg":"0","onClickLink":null,"QRCode":[]},{"id":"514593624948408320","name":"手机银行操作图竖版4.jpg","playDate":"20210128 10:16","stopDate":"20210129 00:00","downloadTimeslice":"1,2,3,4,5,6,7-07:00-780","contentType":"NV*","md5":"7b9381ed8d481c5a165cdc43a00db271","lastModified":"20210128 10:24:07","downloadLink":"http://omip.abc/ibcs/file/downloadBig/attach/20210128/7b9381ed8d481c5a165cdc43a00db271.jpg","isUrg":"0","onClickLink":null,"QRCode":[]},{"id":"514593994458202112","name":"手机银行操作图竖版9.jpg","playDate":"20210128 10:16","stopDate":"20210129 00:00","downloadTimeslice":"1,2,3,4,5,6,7-07:00-780","contentType":"NV*","md5":"9dbaa41c80b7cd7769e33e20bba7c441","lastModified":"20210128 10:24:07","downloadLink":"http://omip.abc/ibcs/file/downloadBig/attach/20210128/9dbaa41c80b7cd7769e33e20bba7c441.jpg","isUrg":"0","onClickLink":null,"QRCode":[]},{"id":"514593796113760256","name":"手机银行操作图竖版6.jpg","playDate":"20210128 10:16","stopDate":"20210129 00:00","downloadTimeslice":"1,2,3,4,5,6,7-07:00-780","contentType":"NV*","md5":"aaeea6108d33470c838ea02de3067522","lastModified":"20210128 10:24:07","downloadLink":"http://omip.abc/ibcs/file/downloadBig/attach/20210128/aaeea6108d33470c838ea02de3067522.jpg","isUrg":"0","onClickLink":null,"QRCode":[]},{"id":"514593851898003456","name":"手机银行操作图竖版7.jpg","playDate":"20210128 10:16","stopDate":"20210129 00:00","downloadTimeslice":"1,2,3,4,5,6,7-07:00-780","contentType":"NV*","md5":"6f85c439dc44240c93f73f82686db57b","lastModified":"20210128 10:24:07","downloadLink":"http://omip.abc/ibcs/file/downloadBig/attach/20210128/6f85c439dc44240c93f73f82686db57b.jpg","isUrg":"0","onClickLink":null,"QRCode":[]},{"id":"514593918935564288","name":"手机银行操作图竖版8.jpg","playDate":"20210128 10:16","stopDate":"20210129 00:00","downloadTimeslice":"1,2,3,4,5,6,7-07:00-780","contentType":"NV*","md5":"b76efac027199061fa68f84b6dda01d3","lastModified":"20210128 10:24:07","downloadLink":"http://omip.abc/ibcs/file/downloadBig/attach/20210128/b76efac027199061fa68f84b6dda01d3.jpg","isUrg":"0","onClickLink":null,"QRCode":[]},{"id":"514593681521180672","name":"手机银行操作图竖版5.jpg","playDate":"20210128 10:16","stopDate":"20210129 00:00","downloadTimeslice":"1,2,3,4,5,6,7-07:00-780","contentType":"NV*","md5":"058f4b324f7ead76753b289b3d272b46","lastModified":"20210128 10:24:07","downloadLink":"http://omip.abc/ibcs/file/downloadBig/attach/20210128/058f4b324f7ead76753b289b3d272b46.jpg","isUrg":"0","onClickLink":null,"QRCode":[]},{"id":"514592574019403776","name":"社保卡竖版1.jpg","playDate":"20210128 10:13","stopDate":"20210129 00:00","downloadTimeslice":"1,2,3,4,5,6,7-07:00-780","contentType":"MV*","md5":"a86d7904e396a2a0c52dd25c37edf3a5","lastModified":"20210128 10:23:54","downloadLink":"http://omip.abc/ibcs/file/downloadBig/attach/20210128/a86d7904e396a2a0c52dd25c37edf3a5.jpg","isUrg":"0","onClickLink":null,"QRCode":[]},{"id":"514592631011606528","name":"社保卡竖版2.jpg","playDate":"20210128 10:13","stopDate":"20210129 00:00","downloadTimeslice":"1,2,3,4,5,6,7-07:00-780","contentType":"MV*","md5":"555b9bec38b9025ae43745cf27226d79","lastModified":"20210128 10:23:54","downloadLink":"http://omip.abc/ibcs/file/downloadBig/attach/20210128/555b9bec38b9025ae43745cf27226d79.jpg","isUrg":"0","onClickLink":null,"QRCode":[]},{"id":"514592679044775936","name":"社保卡竖版3.jpg","playDate":"20210128 10:13","stopDate":"20210129 00:00","downloadTimeslice":"1,2,3,4,5,6,7-07:00-780","contentType":"MV*","md5":"72bb4e69b6c4766ce185a98725e0d9a0","lastModified":"20210128 10:23:54","downloadLink":"http://omip.abc/ibcs/file/downloadBig/attach/20210128/72bb4e69b6c4766ce185a98725e0d9a0.jpg","isUrg":"0","onClickLink":null,"QRCode":[]},{"id":"514592741703483392","name":"社保卡竖版4.jpg","playDate":"20210128 10:13","stopDate":"20210129 00:00","downloadTimeslice":"1,2,3,4,5,6,7-07:00-780","contentType":"MV*","md5":"55f015501b9883f8c81386c270e0b4f8","lastModified":"20210128 10:23:54","downloadLink":"http://omip.abc/ibcs/file/downloadBig/attach/20210128/55f015501b9883f8c81386c270e0b4f8.jpg","isUrg":"0","onClickLink":null,"QRCode":[]},{"id":"514592800855752704","name":"社保卡竖版5.jpg","playDate":"20210128 10:13","stopDate":"20210129 00:00","downloadTimeslice":"1,2,3,4,5,6,7-07:00-780","contentType":"MV*","md5":"39c77f7624c57eb3ffe250d535544be2","lastModified":"20210128 10:23:54","downloadLink":"http://omip.abc/ibcs/file/downloadBig/attach/20210128/39c77f7624c57eb3ffe250d535544be2.jpg","isUrg":"0","onClickLink":null,"QRCode":[]},{"id":"514592884133658624","name":"厅堂服务竖版1.jpg","playDate":"20210128 10:13","stopDate":"20210129 00:00","downloadTimeslice":"1,2,3,4,5,6,7-07:00-780","contentType":"MV*","md5":"2832af6c9b6fa44dddf217fed294f191","lastModified":"20210128 10:23:54","downloadLink":"http://omip.abc/ibcs/file/downloadBig/attach/20210128/2832af6c9b6fa44dddf217fed294f191.jpg","isUrg":"0","onClickLink":null,"QRCode":[]},{"id":"514592950646931456","name":"厅堂服务竖版2.jpg","playDate":"20210128 10:13","stopDate":"20210129 00:00","downloadTimeslice":"1,2,3,4,5,6,7-07:00-780","contentType":"MV*","md5":"982fe218f7b479cab02195356f69afa5","lastModified":"20210128 10:23:54","downloadLink":"http://omip.abc/ibcs/file/downloadBig/attach/20210128/982fe218f7b479cab02195356f69afa5.jpg","isUrg":"0","onClickLink":null,"QRCode":[]},{"id":"514593031815102464","name":"厅堂服务竖版3.jpg","playDate":"20210128 10:13","stopDate":"20210129 00:00","downloadTimeslice":"1,2,3,4,5,6,7-07:00-780","contentType":"MV*","md5":"558123e76fc310d4421f3392fbec8b31","lastModified":"20210128 10:23:54","downloadLink":"http://omip.abc/ibcs/file/downloadBig/attach/20210128/558123e76fc310d4421f3392fbec8b31.jpg","isUrg":"0","onClickLink":null,"QRCode":[]},{"id":"514593103969714176","name":"厅堂服务竖版4.jpg","playDate":"20210128 10:13","stopDate":"20210129 00:00","downloadTimeslice":"1,2,3,4,5,6,7-07:00-780","contentType":"MV*","md5":"aadb47704f7233171b4eb0bc278496cd","lastModified":"20210128 10:23:54","downloadLink":"http://omip.abc/ibcs/file/downloadBig/attach/20210128/aadb47704f7233171b4eb0bc278496cd.jpg","isUrg":"0","onClickLink":null,"QRCode":[]},{"id":"514591809389395968","name":"手机银行操作图横-3.jpg","playDate":"20210128 10:09","stopDate":"20210129 00:00","downloadTimeslice":"1,2,3,4,5,6,7-07:00-780","contentType":"NH*","md5":"523bd90d53864d6ebf0491fcc064d985","lastModified":"20210128 10:23:38","downloadLink":"http://omip.abc/ibcs/file/downloadBig/attach/20210128/523bd90d53864d6ebf0491fcc064d985.jpg","isUrg":"0","onClickLink":null,"QRCode":[]},{"id":"514592176621682688","name":"手机银行操作图横-9.jpg","playDate":"20210128 10:09","stopDate":"20210129 00:00","downloadTimeslice":"1,2,3,4,5,6,7-07:00-780","contentType":"NH*","md5":"5ae7a81e75b8db136277c15b970e144d","lastModified":"20210128 10:23:38","downloadLink":"http://omip.abc/ibcs/file/downloadBig/attach/20210128/5ae7a81e75b8db136277c15b970e144d.jpg","isUrg":"0","onClickLink":null,"QRCode":[]},{"id":"514592108225167360","name":"手机银行操作图横-8.jpg","playDate":"20210128 10:09","stopDate":"20210129 00:00","downloadTimeslice":"1,2,3,4,5,6,7-07:00-780","contentType":"NH*","md5":"20a3252919fbe7f4d98e7125d78bf39d","lastModified":"20210128 10:23:38","downloadLink":"http://omip.abc/ibcs/file/downloadBig/attach/20210128/20a3252919fbe7f4d98e7125d78bf39d.jpg","isUrg":"0","onClickLink":null,"QRCode":[]},{"id":"514592042412343296","name":"手机银行操作图横-7.jpg","playDate":"20210128 10:09","stopDate":"20210129 00:00","downloadTimeslice":"1,2,3,4,5,6,7-07:00-780","contentType":"NH*","md5":"c5e319ab9be002fd1333f360b9dff41a","lastModified":"20210128 10:23:38","downloadLink":"http://omip.abc/ibcs/file/downloadBig/attach/20210128/c5e319ab9be002fd1333f360b9dff41a.jpg","isUrg":"0","onClickLink":null,"QRCode":[]},{"id":"514591971369222144","name":"手机银行操作图横-6.jpg","playDate":"20210128 10:09","stopDate":"20210129 00:00","downloadTimeslice":"1,2,3,4,5,6,7-07:00-780","contentType":"NH*","md5":"40f42dc821602f6a8428122afc441370","lastModified":"20210128 10:23:38","downloadLink":"http://omip.abc/ibcs/file/downloadBig/attach/20210128/40f42dc821602f6a8428122afc441370.jpg","isUrg":"0","onClickLink":null,"QRCode":[]},{"id":"514591910631505920","name":"手机银行操作图横-5.jpg","playDate":"20210128 10:09","stopDate":"20210129 00:00","downloadTimeslice":"1,2,3,4,5,6,7-07:00-780","contentType":"NH*","md5":"12fd2dce0a634443bf73237a0f87ef3e","lastModified":"20210128 10:23:38","downloadLink":"http://omip.abc/ibcs/file/downloadBig/attach/20210128/12fd2dce0a634443bf73237a0f87ef3e.jpg","isUrg":"0","onClickLink":null,"QRCode":[]},{"id":"514591858882183168","name":"手机银行操作图横-4.jpg","playDate":"20210128 10:09","stopDate":"20210129 00:00","downloadTimeslice":"1,2,3,4,5,6,7-07:00-780","contentType":"NH*","md5":"0032a10dab0582a78023e45963c841fa","lastModified":"20210128 10:23:38","downloadLink":"http://omip.abc/ibcs/file/downloadBig/attach/20210128/0032a10dab0582a78023e45963c841fa.jpg","isUrg":"0","onClickLink":null,"QRCode":[]},{"id":"514591750161629184","name":"手机银行操作图横-2.jpg","playDate":"20210128 10:09","stopDate":"20210129 00:00","downloadTimeslice":"1,2,3,4,5,6,7-07:00-780","contentType":"NH*","md5":"1ba556cb72621c7f5845e93391628dc6","lastModified":"20210128 10:23:37","downloadLink":"http://omip.abc/ibcs/file/downloadBig/attach/20210128/1ba556cb72621c7f5845e93391628dc6.jpg","isUrg":"0","onClickLink":null,"QRCode":[]},{"id":"514591682125824000","name":"手机银行操作图横-1.jpg","playDate":"20210128 10:09","stopDate":"20210129 00:00","downloadTimeslice":"1,2,3,4,5,6,7-07:00-780","contentType":"NH*","md5":"c44a0fa743a0db2cfb097ebe445228f2","lastModified":"20210128 10:23:37","downloadLink":"http://omip.abc/ibcs/file/downloadBig/attach/20210128/c44a0fa743a0db2cfb097ebe445228f2.jpg","isUrg":"0","onClickLink":null,"QRCode":[]},{"id":"514591044344152064","name":"厅堂服务横-3.jpg","playDate":"20210128 10:02","stopDate":"20210129 00:00","downloadTimeslice":"1,2,3,4,5,6,7-07:00-780","contentType":"NH*","md5":"1d84d20f949f7bd47a1dd3d99359a57c","lastModified":"20210128 10:23:21","downloadLink":"http://omip.abc/ibcs/file/downloadBig/attach/20210128/1d84d20f949f7bd47a1dd3d99359a57c.jpg","isUrg":"0","onClickLink":null,"QRCode":[]},{"id":"514591117111132160","name":"厅堂服务横-4.jpg","playDate":"20210128 10:02","stopDate":"20210129 00:00","downloadTimeslice":"1,2,3,4,5,6,7-07:00-780","contentType":"NH*","md5":"c858911e82303e1853de8303161d0058","lastModified":"20210128 10:23:21","downloadLink":"http://omip.abc/ibcs/file/downloadBig/attach/20210128/c858911e82303e1853de8303161d0058.jpg","isUrg":"0","onClickLink":null,"QRCode":[]},{"id":"514590919454556160","name":"厅堂服务横-1.jpg","playDate":"20210128 10:02","stopDate":"20210129 00:00","downloadTimeslice":"1,2,3,4,5,6,7-07:00-780","contentType":"NH*","md5":"802e152d96816810169663dab9e0ecda","lastModified":"20210128 10:23:21","downloadLink":"http://omip.abc/ibcs/file/downloadBig/attach/20210128/802e152d96816810169663dab9e0ecda.jpg","isUrg":"0","onClickLink":null,"QRCode":[]},{"id":"514590800256630784","name":"社保卡横-5.jpg","playDate":"20210128 10:02","stopDate":"20210129 00:00","downloadTimeslice":"1,2,3,4,5,6,7-07:00-780","contentType":"NH*","md5":"cf1f9ed0ba0a98c689b5bfa9a1b5da74","lastModified":"20210128 10:23:21","downloadLink":"http://omip.abc/ibcs/file/downloadBig/attach/20210128/cf1f9ed0ba0a98c689b5bfa9a1b5da74.jpg","isUrg":"0","onClickLink":null,"QRCode":[]},{"id":"514590742471704576","name":"社保卡横-4.jpg","playDate":"20210128 10:02","stopDate":"20210129 00:00","downloadTimeslice":"1,2,3,4,5,6,7-07:00-780","contentType":"NH*","md5":"80a6ee068da5c4f22c6b707d76f5d86d","lastModified":"20210128 10:23:21","downloadLink":"http://omip.abc/ibcs/file/downloadBig/attach/20210128/80a6ee068da5c4f22c6b707d76f5d86d.jpg","isUrg":"0","onClickLink":null,"QRCode":[]},{"id":"514590985087025152","name":"厅堂服务横-2.jpg","playDate":"20210128 10:02","stopDate":"20210129 00:00","downloadTimeslice":"1,2,3,4,5,6,7-07:00-780","contentType":"NH*","md5":"1e09a504484f003a186adc18a407aa83","lastModified":"20210128 10:23:21","downloadLink":"http://omip.abc/ibcs/file/downloadBig/attach/20210128/1e09a504484f003a186adc18a407aa83.jpg","isUrg":"0","onClickLink":null,"QRCode":[]},{"id":"514590602939793408","name":"社保卡横-2.jpg","playDate":"20210128 10:02","stopDate":"20210129 00:00","downloadTimeslice":"1,2,3,4,5,6,7-07:00-780","contentType":"NH*","md5":"eca893ca34fddb8d1e67083f369bfbb6","lastModified":"20210128 10:23:21","downloadLink":"http://omip.abc/ibcs/file/downloadBig/attach/20210128/eca893ca34fddb8d1e67083f369bfbb6.jpg","isUrg":"0","onClickLink":null,"QRCode":[]},{"id":"514590518420373504","name":"社保卡横-1.jpg","playDate":"20210128 10:02","stopDate":"20210129 00:00","downloadTimeslice":"1,2,3,4,5,6,7-07:00-780","contentType":"NH*","md5":"2fc6e0d265585502f0a428f0a289f978","lastModified":"20210128 10:23:21","downloadLink":"http://omip.abc/ibcs/file/downloadBig/attach/20210128/2fc6e0d265585502f0a428f0a289f978.jpg","isUrg":"0","onClickLink":null,"QRCode":[]},{"id":"514590679389372416","name":"社保卡横-3.jpg","playDate":"20210128 10:02","stopDate":"20210129 00:00","downloadTimeslice":"1,2,3,4,5,6,7-07:00-780","contentType":"NH*","md5":"5d376f0a303e5e06c39f8a69dbb140b9","lastModified":"20210128 10:23:21","downloadLink":"http://omip.abc/ibcs/file/downloadBig/attach/20210128/5d376f0a303e5e06c39f8a69dbb140b9.jpg","isUrg":"0","onClickLink":null,"QRCode":[]},{"id":"2101084646","name":"关于依法严厉打击惩戒治理非法买卖电话卡银行卡违法犯罪活动的通告.wps","playDate":"20210108 17:21","stopDate":"20210131 23:30","downloadTimeslice":"1,2,3,4,5,6,7-07:00-780","contentType":"NV*","md5":"476de3142a46e7ff83282bba6a4ab336","lastModified":"20210112 14:16:58","downloadLink":"http://omip.abc/ibcs/file/downloadBig/attach/20210108/476de3142a46e7ff83282bba6a4ab336.wps","isUrg":"0","onClickLink":null,"QRCode":[]},{"id":"2101084103","name":"武夷山币横版.jpg","playDate":"20210108 14:30","stopDate":"20210331 00:00","downloadTimeslice":"1,2,3,4,5,6,7-07:00-780","contentType":"EH*","md5":"4fc04a46201b4abe8c399c9b9f0bfa9c","lastModified":"20210108 14:39:48","downloadLink":"http://omip.abc/ibcs/file/downloadBig/attach/20210108/4fc04a46201b4abe8c399c9b9f0bfa9c.jpg","isUrg":"0","onClickLink":null,"QRCode":[]},{"id":"2101072855","name":"1920x1080px-01（新）.jpg","playDate":"20210107 11:21","stopDate":"20210331 00:00","downloadTimeslice":"1,2,3,4,5,6,7-07:00-780","contentType":"YH*","md5":"98aaf568a21205bca675653599c17dd7","lastModified":"20210113 15:40:21","downloadLink":"http://omip.abc/ibcs/file/downloadBig/attach/20210107/98aaf568a21205bca675653599c17dd7.jpg","isUrg":"0","onClickLink":null,"QRCode":[]},{"id":"2101050754","name":"支持企业复工复产，免收对公开户费用。.txt","playDate":"20210105 15:50","stopDate":"20211231 23:30","downloadTimeslice":"1,2,3,4,5,6,7-07:00-780","contentType":"WH*","md5":"a4f46545a55343cb05c63eec5c232372","lastModified":"20210105 16:56:29","downloadLink":"http://omip.abc/ibcs/file/downloadBig/attach/20210105/a4f46545a55343cb05c63eec5c232372.txt","isUrg":"0","onClickLink":null,"QRCode":[]},{"id":"2101050756","name":"支持企业复工复产，免收对公开户费用。.txt","playDate":"20210105 15:50","stopDate":"20211231 23:30","downloadTimeslice":"1,2,3,4,5,6,7-07:00-780","contentType":"WV*","md5":"a4f46545a55343cb05c63eec5c232372","lastModified":"20210105 16:56:29","downloadLink":"http://omip.abc/ibcs/file/downloadBig/attach/20210105/a4f46545a55343cb05c63eec5c232372.txt","isUrg":"0","onClickLink":null,"QRCode":[]},{"id":"2101049986","name":"金融机构复工复产指引.mp4","playDate":"20210104 12:05","stopDate":"20211231 12:01","downloadTimeslice":"1,2,3,4,5,6,7-07:00-780","contentType":"RH*","md5":"c885aae4f84cb077e749b0b966f36b8b","lastModified":"20210104 13:36:35","downloadLink":"http://omip.abc/ibcs/file/downloadBig/attach/20200304/c885aae4f84cb077e749b0b966f36b8b.mp4","isUrg":"0","onClickLink":null,"QRCode":[]},{"id":"2012319020","name":"整治拒收现金宣传视频.mp4","playDate":"20201231 11:01","stopDate":"20210228 00:00","downloadTimeslice":"1,2,3,4,5,6,7-07:00-780","contentType":"RV*","md5":"a2215a63e43908b3422e3f7599e5b879","lastModified":"20201231 14:56:45","downloadLink":"http://omip.abc/ibcs/file/downloadBig/attach/20201231/a2215a63e43908b3422e3f7599e5b879.mp4","isUrg":"0","onClickLink":null,"QRCode":[]},{"id":"2012319019","name":"整治拒收现金宣传视频.mp4","playDate":"20201231 11:01","stopDate":"20210228 00:00","downloadTimeslice":"1,2,3,4,5,6,7-07:00-780","contentType":"RH*","md5":"a2215a63e43908b3422e3f7599e5b879","lastModified":"20201231 14:56:45","downloadLink":"http://omip.abc/ibcs/file/downloadBig/attach/20201231/a2215a63e43908b3422e3f7599e5b879.mp4","isUrg":"0","onClickLink":null,"QRCode":[]},{"id":"2012319022","name":"整治拒收现金宣传标语.txt","playDate":"20201231 11:01","stopDate":"20210228 00:00","downloadTimeslice":"1,2,3,4,5,6,7-07:00-780","contentType":"WV*","md5":"73396f067bff8192e1772a5b93da2e9a","lastModified":"20201231 14:56:45","downloadLink":"http://omip.abc/ibcs/file/downloadBig/attach/20201223/73396f067bff8192e1772a5b93da2e9a.txt","isUrg":"0","onClickLink":null,"QRCode":[]},{"id":"2012319010","name":"整治拒收现金宣传标语.txt","playDate":"20201231 10:59","stopDate":"20210228 00:00","downloadTimeslice":"1,2,3,4,5,6,7-07:00-780","contentType":"WH*","md5":"73396f067bff8192e1772a5b93da2e9a","lastModified":"20201231 14:56:45","downloadLink":"http://omip.abc/ibcs/file/downloadBig/attach/20201223/73396f067bff8192e1772a5b93da2e9a.txt","isUrg":"0","onClickLink":null,"QRCode":[]},{"id":"2012297689","name":"附件1：整治拒收现金活动宣传标语（横版）.png","playDate":"20201229 09:00","stopDate":"20210228 00:00","downloadTimeslice":"1,2,3,4,5,6,7-07:00-780","contentType":"RH*","md5":"61b6b4357953ea6f8a1617680e1557ed","lastModified":"20201229 13:58:46","downloadLink":"http://omip.abc/ibcs/file/downloadBig/attach/20201223/61b6b4357953ea6f8a1617680e1557ed.png","isUrg":"0","onClickLink":null,"QRCode":[]},{"id":"2012297690","name":"附件2：整治拒收现金活动宣传标语（竖版）.png","playDate":"20201229 09:00","stopDate":"20210228 00:00","downloadTimeslice":"1,2,3,4,5,6,7-07:00-780","contentType":"RV*","md5":"602c474c11eaa585d3bed81bc098e081","lastModified":"20201229 13:58:46","downloadLink":"http://omip.abc/ibcs/file/downloadBig/attach/20201223/602c474c11eaa585d3bed81bc098e081.png","isUrg":"0","onClickLink":null,"QRCode":[]},{"id":"2012235711","name":"附件1：横板宣传标语.png","playDate":"20201225 00:00","stopDate":"20210228 00:00","downloadTimeslice":"1,2,3,4,5,6,7-07:00-780","contentType":"RH*","md5":"61b6b4357953ea6f8a1617680e1557ed","lastModified":"20210104 13:39:53","downloadLink":"http://omip.abc/ibcs/file/downloadBig/attach/20201223/61b6b4357953ea6f8a1617680e1557ed.png","isUrg":"0","onClickLink":null,"QRCode":[]},{"id":"2012235713","name":"附件2：竖版宣传标语.png","playDate":"20201225 00:00","stopDate":"20210228 00:00","downloadTimeslice":"1,2,3,4,5,6,7-07:00-780","contentType":"RV*","md5":"602c474c11eaa585d3bed81bc098e081","lastModified":"20210104 13:39:53","downloadLink":"http://omip.abc/ibcs/file/downloadBig/attach/20201223/602c474c11eaa585d3bed81bc098e081.png","isUrg":"0","onClickLink":null,"QRCode":[]},{"id":"2012235715","name":"整治拒收现金宣传标语.txt","playDate":"20201225 00:00","stopDate":"20210228 00:00","downloadTimeslice":"1,2,3,4,5,6,7-07:00-780","contentType":"WH*","md5":"73396f067bff8192e1772a5b93da2e9a","lastModified":"20210104 13:39:53","downloadLink":"http://omip.abc/ibcs/file/downloadBig/attach/20201223/73396f067bff8192e1772a5b93da2e9a.txt","isUrg":"0","onClickLink":null,"QRCode":[]},{"id":"2012235718","name":"整治拒收现金宣传标语.txt","playDate":"20201225 00:00","stopDate":"20210228 00:00","downloadTimeslice":"1,2,3,4,5,6,7-07:00-780","contentType":"WV*","md5":"73396f067bff8192e1772a5b93da2e9a","lastModified":"20210104 13:39:53","downloadLink":"http://omip.abc/ibcs/file/downloadBig/attach/20201223/73396f067bff8192e1772a5b93da2e9a.txt","isUrg":"0","onClickLink":null,"QRCode":[]},{"id":"2012110501","name":"跨境e汇通-竖版.jpg","playDate":"20201216 00:00","stopDate":"20211231 00:00","downloadTimeslice":"1,2,3,4,5,6,7-07:00-780","contentType":"MV*","md5":"ff1a94fa3652da97ff63684ea4c56053","lastModified":"20201218 13:54:58","downloadLink":"http://omip.abc/ibcs/file/downloadBig/attach/20201211/ff1a94fa3652da97ff63684ea4c56053.jpg","isUrg":"0","onClickLink":null,"QRCode":[]},{"id":"2012110498","name":"跨境e汇通-横版.jpg","playDate":"20201216 00:00","stopDate":"20211231 00:00","downloadTimeslice":"1,2,3,4,5,6,7-07:00-780","contentType":"MH*","md5":"39bcd53c6e405c3d3e0900efd6709e57","lastModified":"20201218 13:54:58","downloadLink":"http://omip.abc/ibcs/file/downloadBig/attach/20201211/39bcd53c6e405c3d3e0900efd6709e57.jpg","isUrg":"0","onClickLink":null,"QRCode":[]},{"id":"2012152418","name":"温馨提示横版.jpg","playDate":"20201215 15:32","stopDate":"20210331 00:00","downloadTimeslice":"1,2,3,4,5,6,7-07:00-780","contentType":"MH*","md5":"ac19ccffe8170a878d906f9131255196","lastModified":"20201215 15:48:27","downloadLink":"http://omip.abc/ibcs/file/downloadBig/attach/20201214/ac19ccffe8170a878d906f9131255196.jpg","isUrg":"0","onClickLink":null,"QRCode":[]},{"id":"2012152420","name":"温馨提示竖版.jpg","playDate":"20201215 15:32","stopDate":"20210331 00:00","downloadTimeslice":"1,2,3,4,5,6,7-07:00-780","contentType":"MV*","md5":"1dc50e738015c1489d45dee577b2e065","lastModified":"20201215 15:48:27","downloadLink":"http://omip.abc/ibcs/file/downloadBig/attach/20201214/1dc50e738015c1489d45dee577b2e065.jpg","isUrg":"0","onClickLink":null,"QRCode":[]},{"id":"2012141619","name":"个人存款温馨提示竖版.jpg","playDate":"20201214 16:19","stopDate":"20210331 00:00","downloadTimeslice":"1,2,3,4,5,6,7-07:00-780","contentType":"NV*","md5":"1dc50e738015c1489d45dee577b2e065","lastModified":"20201214 15:57:46","downloadLink":"http://omip.abc/ibcs/file/downloadBig/attach/20201214/1dc50e738015c1489d45dee577b2e065.jpg","isUrg":"0","onClickLink":null,"QRCode":[]},{"id":"2012141618","name":"个人存款温馨提示横版.jpg","playDate":"20201214 16:19","stopDate":"20210331 00:00","downloadTimeslice":"1,2,3,4,5,6,7-07:00-780","contentType":"NH*","md5":"ac19ccffe8170a878d906f9131255196","lastModified":"20201214 15:57:46","downloadLink":"http://omip.abc/ibcs/file/downloadBig/attach/20201214/ac19ccffe8170a878d906f9131255196.jpg","isUrg":"0","onClickLink":null,"QRCode":[]},{"id":"2012100033","name":"服务价格标准公告-横板.jpg","playDate":"20201210 14:56","stopDate":"20210228 00:00","downloadTimeslice":"1,2,3,4,5,6,7-07:00-780","contentType":"NH*","md5":"fbf9eec088f16b9279e2655a6e9bbf9d","lastModified":"20201210 15:47:18","downloadLink":"http://omip.abc/ibcs/file/downloadBig/attach/20201210/fbf9eec088f16b9279e2655a6e9bbf9d.jpg","isUrg":"0","onClickLink":null,"QRCode":[]},{"id":"2012100050","name":"服务价格标准公告-竖版.jpg","playDate":"20201210 14:56","stopDate":"20210228 00:00","downloadTimeslice":"1,2,3,4,5,6,7-07:00-780","contentType":"NV*","md5":"1e3cb60cb7c8adbb9fe9622eb957b729","lastModified":"20201210 15:47:18","downloadLink":"http://omip.abc/ibcs/file/downloadBig/attach/20201210/1e3cb60cb7c8adbb9fe9622eb957b729.jpg","isUrg":"0","onClickLink":null,"QRCode":[]},{"id":"2012087785","name":"logo阐述映前广告 1.85-无广告字样.mp4","playDate":"20201208 14:35","stopDate":"20211208 00:00","downloadTimeslice":"1,2,3,4,5,6,7-07:00-780","contentType":"YH*","md5":"3e86f8886ad420c6613624309c2d779b","lastModified":"20201210 09:03:31","downloadLink":"http://omip.abc/ibcs/file/downloadBig/attach/20201016/3e86f8886ad420c6613624309c2d779b.mp4","isUrg":"0","onClickLink":null,"QRCode":[]},{"id":"2012087791","name":"logo释义视频.mp4","playDate":"20201208 14:35","stopDate":"20211208 00:00","downloadTimeslice":"1,2,3,4,5,6,7-07:00-780","contentType":"YH*","md5":"657eda884ee6646f8f8628a4c429f40c","lastModified":"20201210 09:03:31","downloadLink":"http://omip.abc/ibcs/file/downloadBig/attach/20201027/657eda884ee6646f8f8628a4c429f40c.mp4","isUrg":"0","onClickLink":null,"QRCode":[]},{"id":"2012087782","name":"壹私行logo发布释义视频.mp4","playDate":"20201208 14:33","stopDate":"20211208 00:00","downloadTimeslice":"1,2,3,4,5,6,7-07:00-780","contentType":"YH*","md5":"634877b06cbef931ef5ab7cb02f0b2a9","lastModified":"20201210 09:03:31","downloadLink":"http://omip.abc/ibcs/file/downloadBig/attach/20201030/634877b06cbef931ef5ab7cb02f0b2a9.mp4","isUrg":"0","onClickLink":null,"QRCode":[]},{"id":"2012087768","name":"929活动开场视频.mp4","playDate":"20201208 14:29","stopDate":"20211208 00:00","downloadTimeslice":"1,2,3,4,5,6,7-07:00-780","contentType":"YH*","md5":"2bb82269f11a57b9b4577ad571766e8d","lastModified":"20201210 09:01:55","downloadLink":"http://omip.abc/ibcs/file/downloadBig/attach/20201203/2bb82269f11a57b9b4577ad571766e8d.mp4","isUrg":"0","onClickLink":null,"QRCode":[]},{"id":"2012087769","name":"品牌焕新海报（logo释义横版）.jpg","playDate":"20201208 14:29","stopDate":"20211208 00:00","downloadTimeslice":"1,2,3,4,5,6,7-07:00-780","contentType":"YH*","md5":"05bfcdd86193790a69e92a06f1fba750","lastModified":"20201210 09:01:55","downloadLink":"http://omip.abc/ibcs/file/downloadBig/attach/20201106/05bfcdd86193790a69e92a06f1fba750.jpg","isUrg":"0","onClickLink":null,"QRCode":[]},{"id":"2012087770","name":"品牌焕新海报（私行介绍横版）.jpg","playDate":"20201208 14:29","stopDate":"20211208 00:00","downloadTimeslice":"1,2,3,4,5,6,7-07:00-780","contentType":"YH*","md5":"d3d778d2afcba21cf62caf1115d79340","lastModified":"20201210 09:01:55","downloadLink":"http://omip.abc/ibcs/file/downloadBig/attach/20201027/d3d778d2afcba21cf62caf1115d79340.jpg","isUrg":"0","onClickLink":null,"QRCode":[]},{"id":"2012087454","name":"生肖和合竖版1080&times;1920.jpg","playDate":"20201208 09:01","stopDate":"20210331 09:01","downloadTimeslice":"1,2,3,4,5,6,7-07:00-780","contentType":"EV*","md5":"6384f94d3ccc2a74822b09507e890b81","lastModified":"20210113 15:49:38","downloadLink":"http://omip.abc/ibcs/file/downloadBig/attach/20201208/6384f94d3ccc2a74822b09507e890b81.jpg","isUrg":"0","onClickLink":null,"QRCode":[]},{"id":"2012087453","name":"牛转乾坤竖版1080x1920-px.jpg","playDate":"20201208 09:01","stopDate":"20210331 09:01","downloadTimeslice":"1,2,3,4,5,6,7-07:00-780","contentType":"EV*","md5":"bfdf8ef77f1ce3b90f35c95bb637c2b2","lastModified":"20210113 15:49:38","downloadLink":"http://omip.abc/ibcs/file/downloadBig/attach/20201208/bfdf8ef77f1ce3b90f35c95bb637c2b2.jpg","isUrg":"0","onClickLink":null,"QRCode":[]},{"id":"2012087452","name":"福牛迎春竖版1920-1080.jpg","playDate":"20201208 09:01","stopDate":"20210331 09:01","downloadTimeslice":"1,2,3,4,5,6,7-07:00-780","contentType":"EV*","md5":"8382df2fc2cdcae640fe97cea37ef779","lastModified":"20210113 15:49:38","downloadLink":"http://omip.abc/ibcs/file/downloadBig/attach/20201208/8382df2fc2cdcae640fe97cea37ef779.jpg","isUrg":"0","onClickLink":null,"QRCode":[]},{"id":"2012087450","name":"五牛图1920+1080横板.jpg","playDate":"20201208 09:01","stopDate":"20210331 09:01","downloadTimeslice":"1,2,3,4,5,6,7-07:00-780","contentType":"EH*","md5":"c7f95c238a7112dfa40b2bbf54a1ebf2","lastModified":"20210113 15:49:38","downloadLink":"http://omip.abc/ibcs/file/downloadBig/attach/20201208/c7f95c238a7112dfa40b2bbf54a1ebf2.jpg","isUrg":"0","onClickLink":null,"QRCode":[]},{"id":"2012087449","name":"生肖和合横版1080&times;1920.jpg","playDate":"20201208 09:01","stopDate":"20210331 09:01","downloadTimeslice":"1,2,3,4,5,6,7-07:00-780","contentType":"EH*","md5":"69dcd70dd31fb3721978cb32c6e88221","lastModified":"20210113 15:49:38","downloadLink":"http://omip.abc/ibcs/file/downloadBig/attach/20201208/69dcd70dd31fb3721978cb32c6e88221.jpg","isUrg":"0","onClickLink":null,"QRCode":[]},{"id":"2012087448","name":"牛转乾坤横版1920X1080-PX.jpg","playDate":"20201208 09:01","stopDate":"20210331 09:01","downloadTimeslice":"1,2,3,4,5,6,7-07:00-780","contentType":"EH*","md5":"9bfc2778f6766ffeab49f4a4000de58a","lastModified":"20210113 15:49:38","downloadLink":"http://omip.abc/ibcs/file/downloadBig/attach/20201208/9bfc2778f6766ffeab49f4a4000de58a.jpg","isUrg":"0","onClickLink":null,"QRCode":[]},{"id":"2012087447","name":"福牛迎春横版1920-1080.jpg","playDate":"20201208 09:01","stopDate":"20210331 09:01","downloadTimeslice":"1,2,3,4,5,6,7-07:00-780","contentType":"EH*","md5":"19933dd108f79d995db60a30e7b662be","lastModified":"20210113 15:49:38","downloadLink":"http://omip.abc/ibcs/file/downloadBig/attach/20201208/19933dd108f79d995db60a30e7b662be.jpg","isUrg":"0","onClickLink":null,"QRCode":[]},{"id":"2012087456","name":"五牛图1920-1080竖版.jpg","playDate":"20201208 09:01","stopDate":"20210331 09:01","downloadTimeslice":"1,2,3,4,5,6,7-07:00-780","contentType":"EV*","md5":"07f2496c67f6bc6b813d097b67544a0e","lastModified":"20210113 15:49:38","downloadLink":"http://omip.abc/ibcs/file/downloadBig/attach/20201208/07f2496c67f6bc6b813d097b67544a0e.jpg","isUrg":"0","onClickLink":null,"QRCode":[]},{"id":"2012077203","name":"宣传图片1.png","playDate":"20201207 16:51","stopDate":"20210228 00:00","downloadTimeslice":"1,2,3,4,5,6,7-07:00-780","contentType":"RV*","md5":"ffed266289c7974266ea903ecf80db85","lastModified":"20201218 13:47:30","downloadLink":"http://omip.abc/ibcs/file/downloadBig/attach/20201207/ffed266289c7974266ea903ecf80db85.png","isUrg":"0","onClickLink":null,"QRCode":[]},{"id":"2012077224","name":"宣传图片4.png","playDate":"20201207 16:51","stopDate":"20210228 00:00","downloadTimeslice":"1,2,3,4,5,6,7-07:00-780","contentType":"RV*","md5":"385c251d5dea370ad71d958c30c0d6f6","lastModified":"20201218 13:47:30","downloadLink":"http://omip.abc/ibcs/file/downloadBig/attach/20201207/385c251d5dea370ad71d958c30c0d6f6.png","isUrg":"0","onClickLink":null,"QRCode":[]},{"id":"2012077221","name":"宣传图片3.png","playDate":"20201207 16:51","stopDate":"20210228 00:00","downloadTimeslice":"1,2,3,4,5,6,7-07:00-780","contentType":"RV*","md5":"f36fcd1a393ca080d07e6d7c739430f1","lastModified":"20201218 13:47:30","downloadLink":"http://omip.abc/ibcs/file/downloadBig/attach/20201207/f36fcd1a393ca080d07e6d7c739430f1.png","isUrg":"0","onClickLink":null,"QRCode":[]},{"id":"2012077205","name":"宣传图片2.png","playDate":"20201207 16:27","stopDate":"20210228 00:00","downloadTimeslice":"1,2,3,4,5,6,7-07:00-780","contentType":"RV*","md5":"668ea13d9c6aa3ebbb8b697d7516f859","lastModified":"20201218 13:47:30","downloadLink":"http://omip.abc/ibcs/file/downloadBig/attach/20201207/668ea13d9c6aa3ebbb8b697d7516f859.png","isUrg":"0","onClickLink":null,"QRCode":[]},{"id":"2012024783","name":"1920_1080（横版）.jpg","playDate":"20201202 18:58","stopDate":"20211231 00:00","downloadTimeslice":"1,2,3,4,5,6,7-07:00-780","contentType":"YH*","md5":"add17193483cb63bc22ec2fe0c3ca54c","lastModified":"20201204 16:46:08","downloadLink":"http://omip.abc/ibcs/file/downloadBig/attach/20201202/add17193483cb63bc22ec2fe0c3ca54c.jpg","isUrg":"0","onClickLink":null,"QRCode":[]},{"id":"2012024785","name":"图片尺寸：1080_1920（竖版）.jpg","playDate":"20201202 18:58","stopDate":"20211231 00:00","downloadTimeslice":"1,2,3,4,5,6,7-07:00-780","contentType":"YV*","md5":"4ae02cde2058458d3dfc11092903c46e","lastModified":"20201204 16:46:08","downloadLink":"http://omip.abc/ibcs/file/downloadBig/attach/20201202/4ae02cde2058458d3dfc11092903c46e.jpg","isUrg":"0","onClickLink":null,"QRCode":[]},{"id":"2012013311","name":"农银微捷贷-横.jpg","playDate":"20201202 00:00","stopDate":"20210630 14:19","downloadTimeslice":"1,2,3,4,5,6,7-07:00-780","contentType":"MH*","md5":"32c4034269cdd1570b3d0150c329aa12","lastModified":"20201222 16:15:49","downloadLink":"http://omip.abc/ibcs/file/downloadBig/attach/20201118/32c4034269cdd1570b3d0150c329aa12.jpg","isUrg":"0","onClickLink":null,"QRCode":[]},{"id":"2012013308","name":"抵押e贷-竖版.jpg","playDate":"20201202 00:00","stopDate":"20210630 14:19","downloadTimeslice":"1,2,3,4,5,6,7-07:00-780","contentType":"MV*","md5":"c2c2e136d9f731796282c7a3ea6776dd","lastModified":"20201222 16:15:49","downloadLink":"http://omip.abc/ibcs/file/downloadBig/attach/20201201/c2c2e136d9f731796282c7a3ea6776dd.jpg","isUrg":"0","onClickLink":null,"QRCode":[]},{"id":"2012013307","name":"农银纳税e贷-竖.jpg","playDate":"20201202 00:00","stopDate":"20210630 14:19","downloadTimeslice":"1,2,3,4,5,6,7-07:00-780","contentType":"MV*","md5":"c89b265e1d92602194e819fa6b82277a","lastModified":"20201222 16:15:49","downloadLink":"http://omip.abc/ibcs/file/downloadBig/attach/20201118/c89b265e1d92602194e819fa6b82277a.jpg","isUrg":"0","onClickLink":null,"QRCode":[]},{"id":"2012013306","name":"农银链捷贷-竖.png","playDate":"20201202 00:00","stopDate":"20210630 14:19","downloadTimeslice":"1,2,3,4,5,6,7-07:00-780","contentType":"MV*","md5":"852fda482063600d95d7a6fddb31d167","lastModified":"20201222 16:15:49","downloadLink":"http://omip.abc/ibcs/file/downloadBig/attach/20201118/852fda482063600d95d7a6fddb31d167.png","isUrg":"0","onClickLink":null,"QRCode":[]},{"id":"2012013309","name":"保理e融-竖版.jpg","playDate":"20201202 00:00","stopDate":"20210630 14:19","downloadTimeslice":"1,2,3,4,5,6,7-07:00-780","contentType":"MV*","md5":"2b138abda615f9f2db5bbf480d14ed7e","lastModified":"20201222 16:15:49","downloadLink":"http://omip.abc/ibcs/file/downloadBig/attach/20201201/2b138abda615f9f2db5bbf480d14ed7e.jpg","isUrg":"0","onClickLink":null,"QRCode":[]},{"id":"2012013303","name":"农银小微e贷-竖2.png","playDate":"20201202 00:00","stopDate":"20210630 14:19","downloadTimeslice":"1,2,3,4,5,6,7-07:00-780","contentType":"MV*","md5":"68b6f1496e633ffcb2cff409be209004","lastModified":"20201222 16:15:49","downloadLink":"http://omip.abc/ibcs/file/downloadBig/attach/20201118/68b6f1496e633ffcb2cff409be209004.png","isUrg":"0","onClickLink":null,"QRCode":[]},{"id":"2012013299","name":"农银小微e贷-竖1.png","playDate":"20201202 00:00","stopDate":"20210630 14:19","downloadTimeslice":"1,2,3,4,5,6,7-07:00-780","contentType":"MV*","md5":"b25585236b0204aba32106799c4afc4c","lastModified":"20201222 16:15:48","downloadLink":"http://omip.abc/ibcs/file/downloadBig/attach/20200731/b25585236b0204aba32106799c4afc4c.png","isUrg":"0","onClickLink":null,"QRCode":[]},{"id":"2012013305","name":"农银微捷贷-竖.jpg","playDate":"20201202 00:00","stopDate":"20210630 14:19","downloadTimeslice":"1,2,3,4,5,6,7-07:00-780","contentType":"MV*","md5":"3c7804c47a3006f3ffb627c56543b8d1","lastModified":"20201222 16:15:49","downloadLink":"http://omip.abc/ibcs/file/downloadBig/attach/20201118/3c7804c47a3006f3ffb627c56543b8d1.jpg","isUrg":"0","onClickLink":null,"QRCode":[]},{"id":"2011166426","name":"定版-扶贫MV《大手牵小手》200M.mp4","playDate":"20201116 11:37","stopDate":"20251216 00:00","downloadTimeslice":"1,2,3,4,5,6,7-07:00-780","contentType":"RH*","md5":"0a30c09460720b6a72c7e309f04c2530","lastModified":"20201117 08:55:43","downloadLink":"http://omip.abc/ibcs/file/downloadBig/attach/20201116/0a30c09460720b6a72c7e309f04c2530.mp4","isUrg":"0","onClickLink":null,"QRCode":[]},{"id":"2011124819","name":"连年有鱼竖版1080x1920.jpg","playDate":"20201112 09:04","stopDate":"20210331 18:00","downloadTimeslice":"1,2,3,4,5,6,7-07:00-780","contentType":"MVG","md5":"b4108b5142eaa1909a15a2f8c79ad818","lastModified":"20201202 15:46:33","downloadLink":"http://omip.abc/ibcs/file/downloadBig/attach/20201112/b4108b5142eaa1909a15a2f8c79ad818.jpg","isUrg":"0","onClickLink":null,"QRCode":[]},{"id":"2011124821","name":"牛年生肖金条竖版1080x1920.jpg","playDate":"20201112 09:04","stopDate":"20210331 18:00","downloadTimeslice":"1,2,3,4,5,6,7-07:00-780","contentType":"MVG","md5":"d154530ce3702fdd89198c6db1b3a950","lastModified":"20201202 15:46:33","downloadLink":"http://omip.abc/ibcs/file/downloadBig/attach/20201111/d154530ce3702fdd89198c6db1b3a950.jpg","isUrg":"0","onClickLink":null,"QRCode":[]},{"id":"2011124822","name":"喜上枝头竖版1080x1920-.jpg","playDate":"20201112 09:03","stopDate":"20210331 18:00","downloadTimeslice":"1,2,3,4,5,6,7-07:00-780","contentType":"MVG","md5":"e892df0326d03570a23f0baefc9d6947","lastModified":"20201202 15:46:33","downloadLink":"http://omip.abc/ibcs/file/downloadBig/attach/20201112/e892df0326d03570a23f0baefc9d6947.jpg","isUrg":"0","onClickLink":null,"QRCode":[]},{"id":"2011124824","name":"一定有福竖版（2）1080x1920.jpg","playDate":"20201112 09:03","stopDate":"20210331 18:00","downloadTimeslice":"1,2,3,4,5,6,7-07:00-780","contentType":"MVG","md5":"9b3eafb999776455c74c84c6ef39963f","lastModified":"20201202 15:46:33","downloadLink":"http://omip.abc/ibcs/file/downloadBig/attach/20201112/9b3eafb999776455c74c84c6ef39963f.jpg","isUrg":"0","onClickLink":null,"QRCode":[]},{"id":"2011103527","name":"多媒体-1920x1080px-横版.jpg","playDate":"20201110 17:12","stopDate":"20210331 00:00","downloadTimeslice":"1,2,3,4,5,6,7-07:00-780","contentType":"YH*","md5":"08d99b65a888b383f4745ac64fe216f4","lastModified":"20201202 15:47:49","downloadLink":"http://omip.abc/ibcs/file/downloadBig/attach/20201105/08d99b65a888b383f4745ac64fe216f4.jpg","isUrg":"0","onClickLink":null,"QRCode":[]},{"id":"2011103529","name":"多媒体-1920x1080-竖版.jpg","playDate":"20201110 17:12","stopDate":"20210331 00:00","downloadTimeslice":"1,2,3,4,5,6,7-07:00-780","contentType":"YV*","md5":"e87881042eb6b562609b878caa97d26d","lastModified":"20201202 15:47:49","downloadLink":"http://omip.abc/ibcs/file/downloadBig/attach/20201105/e87881042eb6b562609b878caa97d26d.jpg","isUrg":"0","onClickLink":null,"QRCode":[]},{"id":"2009276066","name":"肖丹（横板）.jpg","playDate":"20200927 15:49","stopDate":"20250927 15:49","downloadTimeslice":"1,2,3,4,5,6,7-0:00-1440","contentType":"HH*","md5":"7ded5f92467ed04e7f827cd11713597c","lastModified":"20200928 09:21:40","downloadLink":"http://omip.abc/ibcs/file/downloadBig/attach/20200927/7ded5f92467ed04e7f827cd11713597c.jpg","isUrg":"0","onClickLink":null,"QRCode":[]},{"id":"2009276068","name":"单佐尉（横板）.jpg","playDate":"20200927 15:49","stopDate":"20250927 15:49","downloadTimeslice":"1,2,3,4,5,6,7-0:00-1440","contentType":"HH*","md5":"e7d1941814a9ee10e3c7a6e635c7ce03","lastModified":"20200928 09:21:40","downloadLink":"http://omip.abc/ibcs/file/downloadBig/attach/20200927/e7d1941814a9ee10e3c7a6e635c7ce03.jpg","isUrg":"0","onClickLink":null,"QRCode":[]},{"id":"2009276071","name":"范超（横板）.jpg","playDate":"20200927 15:49","stopDate":"20250927 15:49","downloadTimeslice":"1,2,3,4,5,6,7-0:00-1440","contentType":"HH*","md5":"0513d39c4b73daf93f917c0f7f51b673","lastModified":"20200928 09:21:40","downloadLink":"http://omip.abc/ibcs/file/downloadBig/attach/20200927/0513d39c4b73daf93f917c0f7f51b673.jpg","isUrg":"0","onClickLink":null,"QRCode":[]},{"id":"2009276067","name":"徐明宇（横板）.jpg","playDate":"20200927 15:49","stopDate":"20250927 15:49","downloadTimeslice":"1,2,3,4,5,6,7-0:00-1440","contentType":"HH*","md5":"cc9e324a26d03fc69c95df6d64bfb737","lastModified":"20200928 09:21:40","downloadLink":"http://omip.abc/ibcs/file/downloadBig/attach/20200927/cc9e324a26d03fc69c95df6d64bfb737.jpg","isUrg":"0","onClickLink":null,"QRCode":[]},{"id":"2009147654","name":"根据北京市发改委要求现公布价格举报电话：12315.txt","playDate":"20200914 13:42","stopDate":"20991231 00:00","downloadTimeslice":"1,2,3,4,5,6,7-0:00-1440","contentType":"WV*","md5":"ace53ddcc10953d5968173a3b24f3648","lastModified":"20200915 10:14:57","downloadLink":"http://omip.abc/ibcs/file/downloadBig/attach/20200914/ace53ddcc10953d5968173a3b24f3648.txt","isUrg":"0","onClickLink":null,"QRCode":[]},{"id":"2009147655","name":"根据北京市发改委要求现公布价格举报电话：12315.txt","playDate":"20200914 13:42","stopDate":"20991231 00:00","downloadTimeslice":"1,2,3,4,5,6,7-0:00-1440","contentType":"WH*","md5":"ace53ddcc10953d5968173a3b24f3648","lastModified":"20200915 10:14:58","downloadLink":"http://omip.abc/ibcs/file/downloadBig/attach/20200914/ace53ddcc10953d5968173a3b24f3648.txt","isUrg":"0","onClickLink":null,"QRCode":[]},{"id":"2003108345","name":"消保素材1.mp4","playDate":"20200310 09:46","stopDate":"20210315 09:46","downloadTimeslice":"1,2,3,4,5,6,7-0:00-1440","contentType":"NH*","md5":"23287a0e7ff8d3b07df3064d08b340c8","lastModified":"20200310 09:54:22","downloadLink":"http://omip.abc/ibcs/file/downloadBig/attach/20200309/23287a0e7ff8d3b07df3064d08b340c8.mp4","isUrg":"0","onClickLink":null,"QRCode":[]},{"id":"2003108346","name":"消保素材2.mp4","playDate":"20200310 09:46","stopDate":"20210315 09:46","downloadTimeslice":"1,2,3,4,5,6,7-0:00-1440","contentType":"NH*","md5":"09b27138618dae91253d10d965181970","lastModified":"20200310 09:54:22","downloadLink":"http://omip.abc/ibcs/file/downloadBig/attach/20200309/09b27138618dae91253d10d965181970.mp4","isUrg":"0","onClickLink":null,"QRCode":[]}]}}